time,ecg
1710722420294017000,"[5383, 5892, 6415, 6913, 7359, 7805, 8242, 8643, 9026, 9381, 9716, 10054, 10377, 10689, 10978, 11212, 11439, 11690, 11924, 12144, 12349, 12511, 12653, 12819, 12983, 13138, 13283, 13367, 13413, 13509, 13654, 13751, 13739, 13731, 13797, 13862, 13915, 13939, 13932, 13934, 13900, 13871, 13896, 13891, 13847, 13813, 13780, 13748, 13731, 13698, 13633, 13563, 13500, 13452, 13415, 13343, 13259, 13198, 13135, 13073, 13012, 12906, 12812, 12747, 12612, 12482, 12428, 12339, 12223, 12137, 12038, 11943, 11857]"
1710722420855456646,"[11799, 11968, 12303, 12400, 11905, 11111, 10887, 11089, 10945, 10691, 10708, 10650, 10409, 10298, 10266, 10131, 10028, 9962, 9842, 9740, 9661, 9562, 9480, 9398, 9299, 9178, 9048, 8976, 8932, 8845, 8754, 8691, 8606, 8491, 8377, 8232, 8068, 7928, 7781, 7632, 7523, 7422, 7318, 7238, 7154, 7055, 6973, 6886, 6802, 6732, 6645, 6558, 6478, 6399, 6321, 6222, 6121, 6054, 5981, 5892, 5832, 5776, 5694, 5614, 5542, 5465, 5402, 5342, 5262, 5185, 5115, 5040, 4980]"
1710722421416896292,"[4922, 4849, 4775, 4705, 4644, 4591, 4536, 4463, 4360, 4256, 4200, 4164, 4109, 4039, 3952, 3877, 3836, 3773, 3665, 3568, 3515, 3481, 3455, 3416, 3356, 3288, 3233, 3194, 3163, 3124, 3086, 3042, 2992, 2955, 2926, 2885, 2844, 2897, 3172, 3544, 3600, 3018, 2362, 2412, 2632, 2463, 2347, 2405, 2374, 2299, 2287, 2277, 2248, 2231, 2215, 2178, 2149, 2142, 2133, 2118, 2106, 2087, 2072, 2082, 2094, 2099, 2096, 2077, 2055, 2043, 2009, 1942, 1848]"
1710722421978356282,"[1739, 1652, 1599, 1553, 1498, 1440, 1397, 1385, 1380, 1356, 1305, 1237, 1191, 1191, 1201, 1194, 1184, 1167, 1148, 1141, 1143, 1138, 1129, 1114, 1093, 1088, 1088, 1078, 1066, 1044, 1023, 1015, 1013, 1003, 991, 967, 919, 875, 871, 875, 859, 834, 825, 822, 820, 808, 776, 745, 726, 706, 697, 694, 680, 658, 653, 656, 653, 646, 634, 622, 615, 612, 612, 608, 598, 588, 581, 576, 562, 533, 521, 523, 516]"
1710722422539806102,"[511, 516, 499, 456, 439, 451, 451, 446, 431, 412, 419, 434, 424, 412, 402, 390, 388, 388, 386, 388, 383, 381, 383, 374, 361, 458, 786, 1218, 1343, 786, 77, 115, 395, 265, 180, 282, 279, 241, 267, 282, 275, 282, 291, 294, 296, 306, 316, 320, 335, 347, 357, 381, 407, 424, 443, 458, 465, 472, 465, 417, 342, 277, 224, 180, 147, 120, 108, 96, 62, 50, 69, 74, 69]"
1710722423101245748,"[74, 84, 94, 98, 96, 82, 60, 60, 65, 50, 45, 50, 48, 55, 67, 69, 67, 67, 45, 14, 7, 0, -19, -19, -14, -7, 0, 4, -2, -4, 2, 12, 21, 24, 16, 14, 19, 31, 38, 38, 33, 31, 38, 48, 55, 55, 48, 43, 53, 60, 48, 26, 14, 19, 31, 41, 48, 48, 38, 24, 0, -16, 2, 12, -4, -2, 16, 26, 33, 36, 26, 26, 41]"
1710722423662690480,"[50, 53, 36, -2, -12, 14, 28, 28, 33, 19, 7, 33, 65, 62, 38, 21, 21, 31, 38, 43, 36, 28, 36, 48, 53, 41, 41, 214, 641, 1052, 938, 190, -270, -12, 103, -72, -43, 36, -16, -31, 12, 4, -19, -4, 4, 0, 16, 41, 53, 62, 69, 79, 82, 74, 89, 127, 142, 152, 173, 190, 185, 159, 108, 53, 9, -19, -45, -67, -82, -86, -77, -65, -55]"
1710722424224155558,"[-60, -77, -79, -60, -45, -43, -43, -41, -38, -31, -19, -26, -53, -60, -45, -33, -38, -53, -62, -57, -55, -48, -38, -38, -41, -41, -50, -62, -65, -77, -94, -89, -101, -125, -120, -106, -106, -101, -91, -84, -74, -69, -67, -60, -62, -89, -115, -108, -86, -82, -79, -65, -55, -53, -43, -33, -33, -26, -19, -21, -14, -2, -2, 2, 2, -9, -7, 4, 4, 7, 14, 14, 24]"
1710722424785595204,"[36, 33, 31, 38, 41, 45, 55, 72, 69, 38, 12, 19, 24, 9, 9, 14, 16, 26, 28, 26, 24, 14, 72, 340, 743, 960, 588, -135, -260, 67, 31, -115, -38, 0, -36, -9, 14, -26, -62, -43, -14, -2, 7, 16, 26, 43, 72, 101, 127, 147, 168, 200, 229, 248, 255, 241, 202, 168, 130, 67, 4, -38, -65, -74, -72, -65, -69, -77, -74, -60, -48, -41, -38]"
1710722425347034850,"[-48, -45, -26, -14, -9, -16, -48, -69, -60, -55, -60, -55, -55, -57, -60, -72, -69, -67, -94, -118, -108, -106, -115, -113, -113, -115, -106, -91, -79, -89, -127, -142, -110, -94, -96, -89, -86, -84, -69, -53, -41, -45, -53, -41, -28, -28, -26, -26, -24, 4, 26, 16, -4, -14, -14, -2, 7, 14, 19, 12, 9, 26, 33, 33, 135, 448, 830, 902, 371, -229, -135, 125, -4]"
1710722425908474496,"[-69, 36, 36, -4, 14, 16, -4, 9, 26, 2, -16, 4, 33, 48, 67, 89, 108, 135, 168, 205, 236, 258, 243, 197, 180, 173, 110, 28, -24, -65, -96, -106, -113, -120, -118, -108, -101, -98, -108, -115, -106, -94, -86, -77, -69, -79, -94, -89, -74, -65, -65, -62, -53, -48, -45, -53, -69, -79, -94, -106, -94, -89, -98, -91, -79, -86, -79, -69, -72, -79, -91, -101, -86]"
1710722426469914142,"[-72, -77, -67, -55, -57, -57, -55, -60, -45, -28, -43, -55, -53, -53, -43, -55, -94, -98, -72, -67, -60, -41, -45, -7, 238, 656, 924, 600, -144, -357, -28, -7, -152, -77, -26, -69, -55, -16, -19, -12, 4, 12, 19, 41, 60, 72, 84, 101, 125, 159, 197, 224, 246, 267, 282, 294, 294, 260, 193, 115, 43, -24, -67, -82, -96, -106, -96, -84, -77, -72, -72, -72, -60]"
1710722427031358874,"[-43, -33, -33, -55, -82, -74, -53, -53, -89, -123, -108, -82, -74, -65, -55, -65, -67, -50, -41, -48, -67, -86, -79, -60, -50, -45, -43, -50, -50, -36, -24, -19, -21, -45, -62, -50, -36, -36, -41, -50, -48, -36, -33, -45, -65, -86, -96, -94, -84, -79, -89, -110, -125, -123, -106, -96, -103, -108, -96, -79, -69, -65, -69, -77, -60, -45, -43, -38, -43, -50, -41, -24, -26]"
1710722427592823952,"[-57, -98, -96, -69, -62, -55, -45, -53, -57, -43, -38, -60, -86, -106, -103, -86, -77, -65, -48, -36, -33, -28, -19, -16, -33, -48, -38, -24, -16, -12, -9, -14, -24, -28, 91, 470, 950, 1076, 458, -265, -180, 91, -67, -159, -65, -62, -86, -50, -43, -50, -36, -19, -9, 0, 7, 16, 26, 45, 67, 84, 98, 123, 147, 171, 193, 197, 171, 135, 115, 96, 45, -14, -57]"
1710722428154263598,"[-89, -123, -154, -164, -159, -152, -144, -139, -132, -132, -152, -154, -135, -125, -120, -108, -106, -98, -86, -82, -74, -67, -65, -57, -50, -50, -45, -43, -43, -36, -31, -33, -28, -24, -48, -74, -79, -74, -74, -74, -72, -60, -57, -60, -65, -79, -89, -89, -101, -113, -106, -106, -103, -94, -89, -94, -91, -86, -84, -96, -132, -142, -123, -118, -110, -101, -118, -135, -123, -113, -103, -86, -79]"
1710722428715703244,"[-79, -77, -69, -55, -41, -41, -53, -77, -84, -62, -43, -45, -45, -45, -38, -24, -12, -9, -16, -16, -7, 7, 12, 12, 9, 12, 21, 31, 26, 14, -2, -7, 4, 16, 19, 21, 12, 9, 21, 21, 16, 137, 492, 933, 1027, 419, -236, -123, 98, -62, -101, 2, -48, -115, -82, -57, -65, -62, -55, -50, -45, -28, -2, 16, 36, 48, 55, 82, 125, 156, 180, 195, 200]"
1710722429277142890,"[209, 221, 209, 176, 115, 45, 4, -16, -36, -55, -91, -115, -98, -79, -74, -72, -82, -94, -77, -53, -48, -45, -48, -48, -36, -24, -16, -12, -12, -14, -12, -16, -24, -19, -24, -31, -21, -7, -2, -7, -28, -45, -43, -50, -82, -113, -123, -120, -130, -135, -118, -115, -123, -110, -94, -89, -86, -79, -74, -69, -55, -43, -36, -36, -33, -31, -24, -12, -4, -7, -4, 0, 7]"
1710722429838552018,"[16, 14, 12, 14, 19, 21, 26, 16, 9, 21, 28, 26, 26, 7, -12, 9, 38, 43, 43, 28, 12, 16, 24, 28, 31, 28, 36, 48, 43, 38, 36, 120, 434, 859, 1001, 516, -176, -214, 60, -41, -156, -60, -33, -72, -31, -4, -26, -14, 12, 14, 26, 48, 57, 69, 84, 98, 125, 154, 176, 205, 231, 250, 272, 284, 282, 255, 205, 142, 84, 31, -24, -79, -125]"
1710722430399991664,"[-137, -130, -127, -132, -147, -164, -149, -123, -130, -147, -152, -159, -166, -149, -135, -144, -144, -125, -113, -106, -96, -89, -89, -86, -69, -57, -57, -65, -60, -74, -120, -137, -106, -98, -103, -89, -77, -67, -55, -57, -60, -38, -21, -19, -14, -7, -12, -7, 14, 36, 48, 48, 38, 31, 28, 33, 36, 21, 19, 41, 50, 43, 26, 4, 2, 33, 205, 567, 878, 745, 106, -289, -31]"
1710722430961431310,"[125, -43, -50, 36, 14, 9, 50, 38, 16, 38, 65, 69, 77, 69, 45, 57, 98, 123, 147, 164, 180, 197, 185, 171, 193, 200, 166, 130, 86, 19, -41, -96, -147, -164, -152, -149, -147, -142, -142, -130, -113, -115, -132, -147, -152, -152, -139, -132, -130, -132, -130, -113, -98, -108, -125, -123, -113, -103, -91, -79, -77, -79, -74, -65, -53, -48, -48, -48, -43, -33, -24, -16, -16]"
1710722431522870956,"[-16, -12, -4, 2, 7, 7, 4, 4, 14, 24, 9, -24, -45, -50, -67, -94, -86, -53, -36, -41, -43, -41, -48, -48, -38, -33, -24, -9, -7, -7, 2, 2, -7, 55, 337, 789, 1042, 639, -132, -260, 74, 28, -115, -31, -12, -77, -55, -16, -24, -19, 2, 14, 16, 31, 48, 57, 77, 94, 108, 139, 173, 197, 224, 248, 260, 272, 275, 246, 193, 127, 60, 12, -24]"
1710722432084310602,"[-57, -72, -79, -101, -110, -101, -98, -135, -190, -193, -152, -142, -144, -132, -123, -113, -96, -86, -86, -82, -72, -62, -45, -43, -48, -45, -41, -33, -24, -21, -26, -28, -26, -16, -14, -31, -53, -53, -43, -36, -26, -24, -43, -62, -57, -45, -41, -41, -48, -53, -45, -41, -50, -69, -84, -101, -106, -94, -86, -91, -98, -103, -91, -79, -74, -72, -77, -89, -98, -89, -74, -72, -82]"
1710722432645750248,"[-106, -125, -108, -86, -103, -139, -147, -120, -103, -96, -91, -96, -94, -74, -60, -55, -53, -60, -55, -38, -26, -21, -24, -31, -26, -14, -26, -41, -41, -48, -38, -4, 16, 16, 0, -19, -19, -9, -4, 0, -7, -14, -4, 9, 12, 0, -16, 110, 513, 982, 1030, 361, -287, -142, 82, -84, -113, -12, -50, -98, -53, -31, -38, -24, -19, -38, -60, -57, -31, -14, -14, 2, 33]"
1710722433207159376,"[65, 89, 113, 127, 142, 164, 180, 176, 137, 79, 33, -2, -41, -74, -98, -120, -127, -135, -147, -139, -130, -127, -120, -106, -89, -84, -82, -77, -69, -60, -48, -45, -45, -41, -38, -31, -19, -19, -21, -16, -14, -12, -4, -4, -9, -4, -4, -2, 0, -19, -48, -48, -41, -41, -38, -38, -41, -43, -79, -127, -132, -132, -152, -154, -142, -135, -130, -127, -120, -113, -108, -101, -94]"
1710722433768599022,"[-94, -86, -77, -77, -74, -86, -108, -98, -94, -115, -110, -91, -91, -79, -67, -67, -60, -53, -50, -36, -24, -26, -24, -14, -7, 2, 7, 7, 7, 12, 16, 28, 31, 28, 28, 26, 36, 62, 79, 77, 60, 33, 26, 36, 33, 28, 31, 33, 41, 50, 26, -21, -43, 24, 294, 733, 1011, 682, -77, -282, 43, 38, -115, -45, -7, -48, -16, 19, 7, 4, 21, 28, 26]"
1710722434330038668,"[21, 28, 41, 50, 74, 101, 125, 147, 144, 137, 168, 207, 219, 226, 212, 176, 137, 91, 38, -7, -50, -72, -69, -65, -60, -60, -67, -62, -48, -36, -28, -33, -57, -55, -28, -19, -14, -16, -26, -31, -33, -26, -14, -28, -69, -89, -62, -50, -57, -69, -84, -86, -86, -94, -89, -91, -94, -82, -65, -57, -50, -57, -72, -69, -69, -72, -60, -55, -55, -45, -36, -26, -19]"
1710722434891447796,"[-21, -24, -9, 0, 4, 9, 9, 4, 9, 26, 33, 16, -9, -12, 2, 12, 24, 33, 38, 48, 55, 43, 21, -4, -12, 2, 12, 14, 21, 24, 21, 21, 28, 101, 381, 781, 928, 480, -195, -243, 62, 0, -118, -24, 4, -28, 0, 19, 2, 12, 38, 45, 48, 62, 62, 53, 67, 96, 115, 132, 166, 202, 231, 260, 277, 282, 279, 255, 217, 161, 86, 28, -9]"
1710722435452887442,"[-55, -91, -101, -103, -103, -98, -98, -91, -89, -118, -130, -120, -130, -159, -183, -183, -168, -156, -144, -130, -130, -123, -103, -94, -96, -82, -72, -79, -79, -101, -135, -123, -101, -101, -89, -77, -74, -65, -57, -53, -41, -28, -24, -24, -28, -31, -38, -41, -19, 2, 7, 21, 24, 2, -7, 2, 0, 7, 21, 24, 19, 21, 26, 33, 43, 77, 270, 646, 919, 680, 2, -265, 33]"
1710722436014296570,"[98, -60, -9, 55, 2, -33, -38, -41, -19, 4, 9, 12, 16, 33, 57, 84, 101, 113, 135, 171, 207, 238, 238, 209, 209, 234, 221, 176, 110, 33, -31, -62, -77, -91, -101, -110, -123, -127, -118, -96, -91, -113, -125, -108, -91, -84, -84, -91, -86, -65, -55, -62, -74, -89, -101, -101, -86, -79, -86, -94, -84, -69, -67, -65, -67, -77, -69, -53, -57, -79, -86, -82, -69]"
1710722436575705698,"[-57, -45, -38, -45, -53, -41, -24, -16, -21, -48, -67, -50, -26, -24, -31, -60, -82, -62, -38, -33, -31, -33, -36, -19, -4, -2, 4, 7, 0, 12, 33, 26, 7, -4, -4, 4, 16, 21, 16, 14, 16, 24, 24, 14, 98, 434, 907, 1090, 557, -200, -200, 103, -16, -118, -2, 4, -45, -16, 4, -16, -24, -16, -9, -2, 9, 26, 45, 60, 69, 89, 115, 144, 178]"
1710722437137145344,"[202, 219, 234, 236, 236, 219, 149, 33, -62, -108, -130, -149, -166, -166, -156, -154, -144, -125, -120, -135, -135, -118, -106, -98, -94, -84, -74, -69, -62, -55, -53, -45, -38, -38, -31, -26, -28, -24, -16, -21, -16, -14, -19, -12, -7, -12, -12, -7, -9, -7, -12, -36, -43, -33, -36, -43, -53, -57, -55, -55, -55, -43, -41, -45, -55, -69, -82, -82, -96, -110, -110, -113, -127]"
1710722437698605334,"[-156, -168, -156, -152, -152, -137, -123, -120, -123, -123, -130, -130, -108, -101, -110, -130, -139, -120, -101, -101, -101, -98, -91, -77, -65, -62, -65, -65, -55, -41, -33, -31, -36, -36, -26, -14, -7, -7, -14, -19, -2, 14, 9, -4, -16, -28, -28, -16, -9, -9, -19, -19, -4, 7, 9, -2, -24, 86, 463, 931, 1047, 446, -258, -178, 89, -74, -176, -91, -98, -125, -79, -55, -57]"
1710722438259994118,"[-53, -60, -60, -31, -9, 0, 7, 12, 31, 65, 91, 113, 113, 103, 130, 168, 178, 180, 168, 127, 84, 45, 2, -36, -69, -96, -94, -84, -77, -72, -77, -79, -74, -82, -84, -72, -69, -74, -57, -43, -36, -31, -36, -38, -24, -9, -7, -7, -12, -12, -2, 7, 9, 4, -4, -9, 0, 7, 0, -33, -57, -57, -60, -62, -60, -72, -86, -77, -62, -55, -55, -67, -89]"
1710722438821433764,"[-94, -98, -103, -98, -98, -101, -101, -91, -79, -94, -120, -118, -98, -91, -84, -79, -79, -72, -62, -55, -45, -41, -41, -43, -62, -62, -43, -41, -41, -28, -26, -21, -9, -7, -4, 4, 7, 9, 14, 14, 14, 24, 28, 31, 31, 26, 36, 60, 74, 74, 67, 28, -7, -2, 9, 2, -4, -4, 4, 12, 12, 12, 2, 77, 386, 827, 1023, 576, -147, -205, 101, 19, -98]"
1710722439382842892,"[-4, 12, -31, 4, 24, 2, 2, -2, -9, 12, 31, 33, 43, 57, 69, 74, 82, 106, 137, 164, 193, 219, 231, 229, 217, 193, 149, 98, 43, -9, -43, -60, -60, -55, -53, -60, -62, -53, -38, -31, -28, -41, -60, -62, -79, -103, -98, -108, -125, -103, -79, -91, -106, -108, -115, -118, -103, -94, -91, -98, -101, -84, -69, -62, -60, -67, -65, -48, -43, -43, -43, -48, -45]"
1710722439944252020,"[-31, -19, -9, -19, -53, -69, -62, -62, -53, -43, -53, -50, -26, -12, -9, -7, -9, -4, 9, 21, 26, 28, 24, 26, 36, 38, 53, 69, 67, 69, 82, 77, 62, 50, 43, 50, 60, 36, -16, -38, -24, -14, -12, 77, 376, 779, 921, 463, -195, -197, 110, 21, -98, 4, 38, -2, 24, 41, 26, 38, 65, 77, 84, 91, 98, 115, 135, 159, 180, 190, 185, 202, 246]"
1710722440505661148,"[263, 255, 253, 248, 231, 193, 127, 33, -50, -96, -123, -149, -164, -178, -193, -180, -166, -159, -149, -142, -137, -127, -115, -106, -103, -101, -84, -77, -79, -101, -147, -156, -118, -103, -101, -86, -77, -74, -60, -55, -50, -33, -24, -24, -21, -16, -2, 9, 9, 14, 19, 14, 26, 45, 53, 62, 82, 79, 53, 43, 43, 26, 14, 24, 33, 31, 31, 43, 50, 53, 62, 147, 429]"
1710722441067070276,"[793, 856, 361, -207, -142, 135, 48, -33, 50, 57, 0, 0, 31, 36, 33, 48, 55, 60, 82, 91, 79, 67, 62, 79, 120, 156, 183, 214, 241, 263, 277, 267, 229, 166, 94, 36, -4, -45, -82, -94, -91, -82, -74, -72, -69, -67, -60, -45, -33, -31, -31, -28, -45, -69, -57, -41, -50, -50, -36, -28, -21, -21, -45, -65, -62, -67, -79, -77, -84, -91, -82, -72, -69]"
1710722441628479404,"[-67, -72, -72, -60, -50, -45, -48, -77, -103, -82, -65, -84, -101, -96, -103, -132, -139, -110, -98, -110, -103, -79, -65, -60, -55, -45, -26, 0, 7, -2, -12, -21, -16, -2, 4, 7, 9, 9, 14, 28, 26, 26, 161, 533, 962, 991, 320, -299, -125, 91, -79, -98, 9, -16, -45, -14, -4, 0, 19, 28, 28, 31, 48, 67, 84, 98, 106, 115, 147, 185, 219, 241, 253]"
1710722442189919050,"[260, 267, 250, 205, 152, 84, 7, -60, -120, -147, -161, -188, -188, -156, -142, -139, -132, -127, -118, -103, -86, -77, -74, -65, -41, -21, -7, -7, -28, -43, -36, -28, -21, -16, -26, -43, -33, -9, 0, -2, -7, -4, 7, 16, 21, 12, -4, -4, 7, 16, 16, 12, 12, 2, -2, 7, 12, 7, 7, 14, 12, 12, 21, 19, 12, 2, -21, -38, -26, -21, -21, -14, -19]"
1710722442751328178,"[-50, -86, -94, -91, -113, -139, -144, -147, -171, -173, -156, -156, -154, -142, -139, -130, -115, -110, -101, -89, -84, -72, -60, -60, -55, -57, -67, -55, -41, -43, -43, -36, -31, -19, -12, -14, -12, -7, -2, 7, 9, 2, 7, 14, 9, 12, 26, 43, 50, 41, 28, 26, 21, 16, 16, 21, 24, 14, -7, -7, -2, -16, -7, 185, 612, 1015, 919, 171, -354, -113, 38, -159, -159]"
1710722443312737306,"[-62, -89, -94, -53, -69, -103, -89, -57, -43, -36, -31, -24, -2, 24, 45, 60, 62, 74, 110, 149, 171, 183, 185, 180, 176, 154, 106, 45, -14, -53, -65, -72, -77, -79, -86, -84, -69, -57, -50, -45, -55, -53, -33, -21, -19, -19, -28, -28, -33, -45, -38, -31, -43, -38, -19, -14, -9, -14, -53, -74, -53, -33, -36, -41, -45, -38, -24, -14, -12, -16, -28, -33, -38]"
1710722443874146434,"[-33, -26, -38, -48, -36, -24, -26, -50, -110, -144, -125, -125, -135, -123, -123, -132, -118, -101, -94, -91, -91, -91, -79, -62, -55, -55, -57, -55, -43, -28, -21, -19, -24, -21, -9, 4, 7, 4, 0, -12, -24, -14, 0, -2, -4, 2, 9, 19, 26, 24, 9, -21, -38, -16, -7, -12, 4, 28, 41, 41, 33, 19, 16, 21, 28, 38, 43, 41, 43, 45, 43, 24, 14]"
1710722444435555562,"[197, 624, 1008, 895, 180, -282, -31, 94, -91, -67, 16, -53, -74, -19, -14, -21, 2, 7, 9, 28, 41, 55, 72, 82, 96, 123, 147, 171, 202, 221, 226, 221, 224, 234, 221, 180, 132, 79, 24, -14, -36, -50, -65, -103, -127, -103, -86, -94, -79, -57, -60, -72, -84, -77, -55, -50, -50, -48, -45, -41, -33, -45, -79, -108, -115, -106, -96, -98, -98, -94, -89, -79, -67]"
1710722444996979948,"[-62, -60, -55, -57, -50, -33, -19, -19, -48, -69, -53, -33, -26, -19, -16, -21, -9, 12, 21, 14, 16, 14, -2, 2, 16, 7, 2, 16, 26, 33, 36, 26, 24, 50, 62, 36, -2, -12, -2, 7, 24, 53, 67, 62, 55, 53, 53, 55, 60, 53, 48, 67, 79, 65, 38, 28, 33, 108, 388, 805, 994, 574, -123, -205, 110, 69, -57, 12, 43, 12, 33, 62, 57]"
1710722445558404336,"[50, 67, 89, 101, 108, 108, 94, 91, 118, 144, 156, 154, 137, 149, 195, 221, 205, 183, 159, 115, 60, 7, -53, -125, -168, -166, -164, -178, -205, -231, -219, -185, -168, -159, -142, -139, -142, -120, -98, -89, -79, -72, -69, -55, -45, -55, -60, -53, -45, -31, -16, -7, -7, -12, -12, 2, 16, 19, 12, 9, 24, 41, 43, 41, 45, 43, 41, 53, 69, 67, 53, 55, 62]"
1710722446119813464,"[72, 86, 98, 101, 65, 24, 33, 50, 24, 0, 4, 12, 14, 31, 36, 31, 33, 79, 291, 678, 921, 608, -108, -318, 21, 60, -103, -45, 19, -21, -9, 21, 12, 24, 43, 31, 16, 28, 45, 62, 82, 101, 125, 152, 178, 217, 250, 267, 289, 301, 279, 243, 207, 142, 62, -2, -50, -79, -96, -118, -139, -149, -152, -159, -156, -149, -142, -139, -149, -147, -130, -127, -125]"
1710722446681222592,"[-120, -110, -94, -84, -86, -94, -110, -108, -82, -79, -86, -77, -67, -67, -79, -110, -120, -101, -94, -86, -67, -62, -62, -57, -50, -41, -38, -55, -62, -55, -45, -36, -19, -14, -19, -21, -12, 2, 12, 12, 7, 4, 14, 21, 28, 33, 26, 21, 31, 43, 45, 45, 38, 33, 41, 50, 55, 55, 41, 24, 28, 45, 62, 72, 69, 62, 60, 55, 50, 45, 36, 33, 43]"
1710722447242631720,"[55, 60, 43, 0, -21, 2, 180, 583, 986, 909, 166, -381, -132, 48, -149, -161, -55, -91, -123, -84, -72, -86, -65, -36, -24, -12, -7, -7, 9, 41, 62, 86, 103, 118, 154, 195, 219, 234, 236, 224, 212, 180, 125, 60, 0, -50, -72, -77, -77, -82, -98, -103, -86, -69, -65, -60, -62, -62, -48, -33, -28, -31, -33, -33, -24, -14, -12, -16, -26, -24, -21, -33, -45]"
1710722447804040848,"[-57, -94, -110, -89, -77, -79, -79, -86, -113, -139, -147, -161, -190, -195, -180, -168, -159, -152, -149, -144, -135, -125, -113, -108, -108, -106, -98, -91, -79, -74, -72, -65, -60, -53, -41, -41, -41, -33, -31, -28, -26, -41, -43, -31, -28, -24, -14, -16, -14, -7, -4, -2, 4, 2, 4, 12, 9, 12, 19, 14, 16, 24, 21, 24, 28, 14, -14, -38, -33, -19, -21, -24, -24]"
1710722448365449976,"[-33, -28, -4, 0, -14, -16, -16, -26, -28, -45, -60, -43, -28, -33, -31, -33, -38, 101, 492, 953, 1030, 386, -291, -161, 79, -91, -142, -33, -50, -72, -33, -36, -69, -65, -36, -21, -16, -7, 2, 12, 33, 55, 72, 86, 108, 135, 168, 197, 212, 217, 212, 207, 188, 147, 86, 24, -24, -48, -65, -98, -137, -139, -125, -127, -137, -130, -115, -113, -110, -94, -77, -67, -60]"
1710722448926859104,"[-65, -65, -48, -33, -28, -33, -60, -86, -84, -74, -69, -67, -77, -79, -62, -48, -45, -55, -74, -84, -82, -89, -98, -115, -139, -127, -103, -98, -91, -86, -94, -89, -69, -57, -53, -55, -60, -53, -36, -26, -21, -21, -31, -21, -4, 2, 2, 0, -7, 2, 14, -7, -41, -45, -43, -60, -57, -36, -28, -36, -33, -19, -4, 2, 7, 2, 2, 12, 24, 28, 31, 26, 26]"
1710722449488268232,"[38, 45, 50, 53, 45, 41, 50, 62, 60, 43, 14, 9, 28, 45, 43, 28, 21, 14, 9, 16, 24, 21, 19, 24, 33, 36, 41, 38, 24, 77, 359, 810, 1076, 709, -57, -234, 89, 62, -91, -12, 26, -24, -2, 38, 12, -31, -45, -36, -16, 2, 12, 26, 43, 60, 79, 108, 132, 156, 185, 209, 234, 255, 258, 253, 238, 185, 106, 48, 2, -41, -67, -84, -86]"
1710722450049677360,"[-79, -84, -96, -108, -120, -147, -176, -190, -178, -159, -152, -144, -137, -130, -118, -106, -98, -89, -84, -77, -60, -50, -53, -45, -36, -31, -21, -19, -21, -12, -4, -4, 4, 9, 7, 19, 28, -4, -50, -55, -38, -31, -28, -16, 2, 7, 2, 4, 12, 21, 33, 41, 41, 36, 36, 45, 62, 67, 55, 50, 57, 65, 74, 77, 67, 62, 65, 74, 74, 55, 31, 28, 48]"
1710722450611086488,"[69, 86, 84, 50, 7, 0, 24, 31, 26, 26, 19, 24, 38, 50, 41, 48, 229, 622, 950, 808, 139, -279, -28, 120, -36, -28, 28, -28, -48, -16, -36, -69, -62, -43, -38, -31, -21, -16, -19, -26, -7, 41, 74, 103, 135, 152, 176, 202, 219, 224, 195, 137, 86, 33, -28, -67, -96, -130, -130, -123, -135, -139, -135, -132, -118, -96, -84, -74, -74, -74, -62, -48, -36]"
1710722451172495616,"[-24, -24, -31, -16, 4, 9, 7, 7, 2, 4, 19, 26, 12, -19, -31, -12, 2, 0, -2, -9, -24, -16, -4, -33, -67, -62, -48, -38, -28, -19, -14, -7, 7, 28, 38, 31, 12, 2, 7, 14, 24, 31, 26, 21, 26, 41, 48, 45, 72, 277, 665, 928, 665, -31, -308, -2, 69, -89, -38, 24, -24, -16, 14, 12, 19, 36, 33, 36, 50, 67, 84, 91, 103]"
1710722451733874226,"[130, 156, 183, 217, 243, 263, 287, 296, 299, 287, 238, 156, 82, 16, -48, -98, -142, -183, -188, -173, -166, -176, -190, -193, -193, -197, -195, -200, -202, -183, -168, -168, -159, -147, -137, -123, -108, -103, -96, -84, -77, -74, -94, -115, -110, -98, -96, -86, -74, -74, -69, -65, -60, -45, -38, -38, -38, -36, -28, -14, -12, -14, -9, -7, -4, 7, 12, 7, 7, 9, 16, 21, 24]"
1710722452295293524,"[19, 4, -4, 4, 19, 14, 0, -21, -36, -43, -67, -77, -65, -62, -60, -41, -26, -26, -26, -26, -21, -12, 0, 2, -4, -7, 2, 12, 19, 31, 41, 41, 38, 14, -12, -14, -16, -21, -12, 0, 7, 7, 2, -4, -9, 65, 383, 863, 1102, 646, -149, -260, 69, -4, -156, -57, -19, -62, -36, -12, -38, -28, 2, 12, 14, 14, 7, 21, 50, 69, 89, 106, 120]"
1710722452856692482,"[147, 176, 164, 152, 168, 176, 171, 164, 130, 67, -16, -91, -115, -118, -127, -132, -135, -139, -120, -101, -91, -89, -91, -101, -108, -125, -130, -120, -125, -135, -123, -108, -101, -98, -103, -118, -123, -120, -130, -137, -137, -137, -130, -118, -110, -110, -113, -110, -101, -89, -84, -84, -86, -84, -74, -67, -79, -101, -96, -84, -77, -65, -55, -55, -57, -53, -45, -62, -96, -98, -79, -74, -67]"
1710722453418101610,"[-50, -45, -48, -43, -38, -31, -24, -38, -60, -55, -41, -36, -26, -21, -26, -38, -50, -41, -21, -24, -26, -14, -9, -4, 4, 4, 4, 12, 14, 19, 26, 24, 26, 31, 26, 28, 36, 31, 33, 50, 67, 74, 69, 53, 43, 43, 38, 24, 9, 9, 21, 26, 24, 21, 12, 38, 279, 733, 1078, 839, 33, -340, -28, 33, -154, -98, -26, -77, -62, -21, -31, -31, -12]"
1710722453979510738,"[-2, 12, 24, 26, 19, 7, 2, 16, 41, 65, 86, 115, 149, 178, 193, 197, 197, 185, 164, 125, 67, 9, -31, -55, -65, -62, -65, -72, -72, -62, -48, -38, -36, -36, -33, -24, -14, -19, -50, -82, -74, -55, -53, -48, -36, -38, -43, -45, -50, -55, -69, -94, -103, -120, -139, -125, -113, -130, -130, -106, -89, -82, -77, -82, -82, -62, -48, -43, -41, -45, -57, -65, -48]"
1710722454540919866,"[-31, -36, -43, -33, -16, -4, 0, -9, -41, -43, -19, -7, -2, 0, -7, 0, 16, 21, 28, 28, 19, 26, 43, 50, 55, 48, 38, 50, 60, 48, 28, 26, 26, 31, 45, 55, 53, 45, 50, 77, 98, 98, 86, 62, 48, 41, 12, -4, 7, 9, 4, 16, 26, 21, 50, 248, 646, 982, 825, 120, -265, 2, 84, -89, -38, 41, -9, -19, 19, 24, 26, 48, 55]"
1710722455102298476,"[55, 65, 79, 96, 113, 123, 135, 159, 188, 219, 238, 234, 238, 267, 287, 287, 267, 226, 168, 94, 16, -45, -77, -91, -118, -135, -127, -118, -115, -110, -106, -98, -89, -86, -101, -113, -115, -125, -149, -178, -171, -147, -142, -137, -115, -110, -120, -106, -94, -91, -84, -74, -77, -86, -79, -67, -55, -45, -38, -36, -36, -36, -24, -14, -16, -7, 4, 4, 12, 21, 21, 24, 33]"
1710722455663707604,"[33, 36, 33, 31, 43, 48, 38, 33, 24, 21, 45, 38, -7, -24, -9, -7, -2, 14, 16, 14, 19, 28, 38, 38, 43, 171, 523, 892, 868, 263, -267, -108, 79, -72, -84, 0, -41, -48, 4, 9, 12, 36, 38, 26, 26, 43, 60, 74, 89, 103, 125, 159, 200, 231, 248, 272, 289, 279, 267, 253, 197, 118, 55, 4, -43, -79, -118, -149, -152, -147, -159, -156, -152]"
1710722456225116732,"[-156, -142, -135, -149, -159, -178, -193, -166, -135, -127, -130, -130, -115, -94, -79, -65, -60, -72, -69, -50, -36, -36, -43, -48, -53, -74, -86, -62, -50, -62, -57, -36, -28, -19, -21, -45, -45, -16, -4, -7, -7, -12, -7, 9, 36, 55, 48, 26, 16, 21, 28, 33, 21, 14, 26, 43, 45, 45, 41, 26, 43, 205, 579, 955, 892, 217, -301, -94, 94, -74, -98, -2, -21]"
1710722456786495342,"[-38, 2, 4, -12, 0, 19, 31, 38, 24, 2, 19, 53, 74, 98, 123, 142, 171, 185, 176, 190, 217, 209, 178, 139, 82, 7, -65, -113, -135, -142, -137, -135, -132, -127, -120, -110, -96, -84, -82, -77, -69, -60, -48, -45, -48, -38, -28, -21, -12, -12, -12, -7, -7, -16, -31, -36, -36, -45, -69, -72, -57, -60, -65, -67, -82, -89, -96, -110, -108, -98, -101, -96, -89]"
1710722457347904470,"[-91, -84, -77, -79, -74, -82, -101, -96, -79, -84, -103, -132, -137, -115, -106, -106, -106, -118, -123, -103, -91, -91, -82, -72, -67, -55, -45, -43, -38, -33, -28, -16, -12, -12, -7, -4, 0, 9, 12, 7, 7, 9, 19, 31, 31, 21, 19, 21, 19, 4, 0, 4, -2, -4, 14, 38, 43, 28, 12, 4, 9, 16, 16, 12, 7, 12, 21, 28, 21, -4, 36, 320, 817]"
1710722457909313598,"[1148, 803, -38, -323, -21, -24, -173, -110, -110, -193, -159, -103, -108, -103, -89, -84, -65, -41, -24, -12, -7, 4, 36, 65, 91, 115, 132, 154, 185, 207, 219, 217, 190, 156, 115, 65, 16, -26, -69, -98, -113, -118, -106, -103, -113, -103, -82, -72, -65, -62, -69, -60, -43, -36, -31, -33, -41, -33, -16, -12, -7, -9, -21, -21, -26, -36, -31, -38, -77, -106, -98, -89, -108]"
1710722458470692208,"[-135, -142, -137, -139, -144, -137, -139, -147, -135, -118, -110, -120, -147, -152, -125, -110, -106, -98, -98, -96, -82, -69, -62, -60, -62, -57, -45, -36, -28, -26, -41, -60, -57, -36, -26, -28, -28, -24, -14, -4, 0, 0, 0, 4, 12, 24, 28, 24, 24, 28, 33, 43, 43, 38, 38, 41, 43, 50, 50, 45, 36, 0, -31, -21, -4, -2, -2, -12, -14, -9, -7, -4, 0]"
1710722459032101336,"[2, 9, 19, 19, 16, 4, 28, 260, 706, 1037, 798, 31, -308, -7, 43, -137, -79, -9, -60, -50, -12, -28, -48, -38, -26, -14, -2, 9, 26, 43, 55, 77, 98, 115, 144, 176, 195, 217, 234, 241, 246, 236, 202, 152, 96, 43, 7, -21, -45, -55, -57, -57, -48, -48, -77, -108, -98, -74, -65, -60, -55, -53, -53, -57, -62, -57, -53, -53, -50, -38, -26, -26, -38]"
1710722459593510464,"[-55, -65, -67, -77, -82, -91, -118, -132, -113, -96, -101, -103, -101, -110, -110, -91, -82, -89, -89, -72, -60, -50, -43, -48, -45, -31, -19, -12, -9, -14, -19, -4, 12, 16, 14, 7, 4, 16, 26, 31, 31, 19, 16, 26, 31, 28, 24, 4, -28, -28, -16, -16, -19, -21, -16, -2, 9, 14, 16, 4, -4, 53, 313, 750, 1025, 675, -72, -243, 77, 53, -103, -36, 9]"
1710722460154919592,"[-26, -4, 24, 7, -12, -2, 16, 28, 36, 16, -2, 21, 57, 74, 96, 115, 130, 164, 200, 224, 236, 238, 229, 217, 188, 135, 74, 16, -31, -50, -53, -55, -60, -79, -96, -91, -94, -103, -96, -106, -142, -149, -123, -123, -142, -144, -149, -149, -132, -123, -123, -120, -115, -106, -94, -84, -84, -84, -82, -72, -62, -57, -60, -57, -53, -43, -33, -31, -43, -55, -50, -38, -33]"
1710722460716298202,"[-38, -33, -9, 7, 4, 7, -2, -31, -28, -12, -9, -4, -4, -9, -2, 0, 7, 31, 48, 50, 50, 38, 24, 21, 21, 21, 21, 0, -9, 4, 9, 2, -26, -45, 115, 506, 875, 808, 152, -320, -84, 72, -103, -96, -2, -36, -45, -7, -4, -4, 16, 21, 28, 41, 48, 65, 82, 91, 103, 113, 120, 154, 190, 205, 221, 238, 248, 255, 243, 190, 118, 57, 9]"
1710722461277707330,"[-26, -57, -82, -91, -94, -94, -101, -110, -125, -154, -178, -164, -139, -137, -137, -132, -125, -118, -123, -132, -125, -115, -110, -96, -82, -103, -139, -137, -113, -101, -94, -82, -84, -84, -72, -55, -45, -41, -45, -45, -31, -16, -9, -4, -9, -12, 0, 14, 21, 19, 0, -9, 4, 19, 21, 24, 19, 16, 31, 43, 45, 43, 33, 33, 43, 50, 55, 53, 43, 43, 55, 62, 65]"
1710722461839085940,"[60, 50, 53, 65, 67, 72, 69, 48, 38, 31, 4, -2, 2, -9, -4, 14, 21, 9, -26, -55, -41, -28, 55, 376, 803, 926, 417, -229, -183, 79, -55, -142, -31, -19, -48, -9, 4, -12, -4, 14, 14, 9, 9, 9, 24, 45, 65, 84, 98, 113, 142, 176, 200, 214, 217, 217, 219, 212, 173, 115, 53, 4, -24, -41, -53, -60, -65, -67, -55, -41, -36, -36, -41]"
1710722462400495068,"[-55, -62, -45, -33, -41, -45, -55, -60, -45, -50, -89, -127, -142, -123, -106, -113, -127, -130, -135, -142, -132, -123, -125, -118, -113, -103, -94, -89, -89, -82, -74, -74, -84, -98, -91, -79, -79, -74, -57, -55, -53, -43, -38, -31, -21, -21, -14, -4, -2, 4, 12, 9, 16, 26, 26, 26, 33, 33, 36, 43, 41, 43, 50, 41, 24, 14, 16, 26, 26, 24, 33, 41, 38]"
1710722462961873678,"[38, 38, 50, 62, 33, 2, -7, -36, -57, -31, -16, -26, -21, -12, -7, 4, 12, 0, 43, 291, 706, 972, 644, -89, -284, 24, 19, -123, -45, -4, -57, -41, -2, 2, 4, 16, 21, 28, 48, 65, 72, 79, 89, 108, 135, 161, 183, 200, 217, 238, 260, 272, 272, 253, 209, 147, 79, 36, 4, -36, -65, -62, -53, -50, -45, -45, -45, -33, -21, -26, -60, -86, -69]"
1710722463523252288,"[-45, -41, -33, -28, -53, -69, -48, -28, -24, -21, -26, -26, -9, -2, -24, -60, -77, -65, -53, -48, -38, -38, -50, -43, -31, -38, -48, -57, -77, -74, -53, -45, -43, -45, -53, -45, -28, -21, -16, -21, -28, -19, -2, 4, 9, 12, 0, -14, -2, 16, 19, 9, 7, 21, 31, 36, 43, 38, 31, 45, 55, 53, 38, 26, 38, 53, 45, 33, 28, 26, 31, 41, 45]"
1710722464084630898,"[50, 53, 50, 50, 50, 69, 250, 612, 868, 641, -7, -289, -2, 77, -89, -53, 24, -7, -4, 28, 24, 26, 50, 62, 65, 72, 86, 96, 110, 137, 154, 166, 185, 214, 238, 265, 287, 291, 270, 255, 241, 214, 188, 149, 79, 19, -9, -26, -43, -55, -62, -67, -45, -14, -24, -60, -79, -74, -60, -50, -48, -41, -31, -24, -14, -4, -4, 0, 7, -14, -45, -48, -38]"
